"32838577721","229788063","//ae01.alicdn.com/kf/HTB1G03HNgHqK1RjSZFEq6AGMXXas.jpg_350x350.jpg","//www.aliexpress.com/item/LKE-SUNX-48W-54W-Nail-Dryer-UV-LED-Nail-Lamp-Gel-Polish-Curing-Lamp-with-Bottom/32838577721.html?gps-id=5547572&scm=1007.19201.130907.0&scm_id=1007.19201.130907.0&scm-url=1007.19201.130907.0&pvid=36d2e960-cbe2-4f05-87d5-d999d8e6f092","LKE SUNX 48W 54W Nail Dryer UV LED Nail Lamp Gel Polish Curing Lamp with Bottom 30s/60s Timer LCD Display Lamp for Nail Dryer","US $6.28","US $20.00"
"32847472228","231688502","//ae01.alicdn.com/kf/HTB1OTCge.CF3KVjSZJnq6znHFXaN.jpg_350x350.jpg","//www.aliexpress.com/item/SEMIR-denim-Jackets-men-coat-dark-Blue-Casual-Teens-Denim-Jacket-cotton-Turn-down-Collar-Long/32847472228.html?gps-id=5547572&scm=1007.19201.130907.0&scm_id=1007.19201.130907.0&scm-url=1007.19201.130907.0&pvid=36d2e960-cbe2-4f05-87d5-d999d8e6f092","SEMIR denim Jackets men coat dark Blue Casual Teens Denim Jacket cotton Turn-down Collar Long Sleeve Denim Bomber jackets","US $14.42","US $14.42"
"32891746056","230189539","//ae01.alicdn.com/kf/HTB1XfU9XLvsK1RjSspdq6AZepXaH.jpg_350x350.jpg","//www.aliexpress.com/item/Spray-Floor-Mop-with-Reusable-Microfiber-Pads-360-Degree-Handle-Mop-for-Home-Kitchen-Laminate-Wood/32891746056.html?gps-id=5547572&scm=1007.19201.130907.0&scm_id=1007.19201.130907.0&scm-url=1007.19201.130907.0&pvid=36d2e960-cbe2-4f05-87d5-d999d8e6f092","Spray Floor Mop with Reusable Microfiber Pads 360 Degree Handle Mop for Home Kitchen Laminate Wood Ceramic Tiles Floor Cleaning","US $10.65","US $21.07"
"32946457618","234147042","//ae01.alicdn.com/kf/HTB1MakJev1H3KVjSZFHq6zKppXaG.jpg_350x350.jpg","//www.aliexpress.com/item/New-led-Chandelier-For-Living-Room-Bedroom-Home-chandelier-by-sala-Modern-Led-Ceiling-Chandelier-Lamp/32946457618.html?gps-id=5547572&scm=1007.19201.130907.0&scm_id=1007.19201.130907.0&scm-url=1007.19201.130907.0&pvid=36d2e960-cbe2-4f05-87d5-d999d8e6f092","New led Chandelier For Living Room Bedroom Home chandelier by sala Modern Led Ceiling Chandelier Lamp Lighting chandelier","US $63.18","US $191.49"
"32985371405","234805490","//ae01.alicdn.com/kf/HTB1KcJja1L2gK0jSZPhq6yhvXXaD.jpg_350x350.jpg","//www.aliexpress.com/item/NAVIFORCE-Women-Watch-Fashion-Quartz-Lady-Blue-PU-Watchband-Date-Casual-3ATM-Waterproof-Wristwatch-Gift-for/32985371405.html?gps-id=5547572&scm=1007.19201.130907.0&scm_id=1007.19201.130907.0&scm-url=1007.19201.130907.0&pvid=36d2e960-cbe2-4f05-87d5-d999d8e6f092","NAVIFORCE Women Watch Fashion Quartz Lady Blue PU Watchband Date Casual 3ATM Waterproof Wristwatch Gift for Girl Wife Woman 2019","US $13.59","US $13.59"
"32837654632","228754193","//ae01.alicdn.com/kf/HTB1UqtgauH2gK0jSZFEq6AqMpXa8.jpg_350x350.jpg","//www.aliexpress.com/item/EMS-Wireless-Muscle-Stimulator-Trainer-Smart-Fitness-Abdominal-Training-Electric-Weight-Loss-Stickers-Body-Slimming-Belt/32837654632.html?gps-id=5547572&scm=1007.19201.130907.0&scm_id=1007.19201.130907.0&scm-url=1007.19201.130907.0&pvid=36d2e960-cbe2-4f05-87d5-d999d8e6f092","EMS Wireless Muscle Stimulator Trainer Smart Fitness Abdominal Training Electric Weight Loss Stickers Body Slimming Belt Unisex","US $5.43","US $12.85"
"32477921977","202841098","//ae01.alicdn.com/kf/HTB1bfS5JFXXXXaxXVXXq6xXFXXXk.jpg_350x350.jpg","//www.aliexpress.com/item/1pc-High-quality-eyelash-extension-mink-individual-eyelash-extension-natural-eyelashes-fake-false-eyelashes-1case/32477921977.html?gps-id=5547572&scm=1007.19201.130907.0&scm_id=1007.19201.130907.0&scm-url=1007.19201.130907.0&pvid=36d2e960-cbe2-4f05-87d5-d999d8e6f092","NAGARAKU 16Rows Faux mink individual eyelash lashes maquiagem cilios  for professionals soft mink eyelash extension","US $2.23","US $2.70"
"32949748341","234740862","//ae01.alicdn.com/kf/HTB1HhaAaYr1gK0jSZR0q6zP8XXa7.jpg_350x350.jpg","//www.aliexpress.com/item/NO-ONEPAUL-cow-genuine-leather-luxury-strap-male-belts-for-men-new-fashion-classice-vintage-pin/32949748341.html?gps-id=5547572&scm=1007.19201.130907.0&scm_id=1007.19201.130907.0&scm-url=1007.19201.130907.0&pvid=36d2e960-cbe2-4f05-87d5-d999d8e6f092","NO.ONEPAUL cow genuine leather luxury strap male belts for men new fashion classice vintage pin buckle men belt High Quality","US $6.59","US $6.59"
"33014271084","230189539","//ae01.alicdn.com/kf/HTB1PtNiUwHqK1RjSZFkq6x.WFXah.jpg_350x350.jpg","//www.aliexpress.com/item/Automatic-Touchless-Intelligent-induction-Motion-Sensor-Kitchen-Trash-Can-Wide-Opening-Sensor-Eco-friendly-Waste-Garbage/33014271084.html?gps-id=5547572&scm=1007.19201.130907.0&scm_id=1007.19201.130907.0&scm-url=1007.19201.130907.0&pvid=36d2e960-cbe2-4f05-87d5-d999d8e6f092","Automatic Touchless Intelligent induction Motion Sensor Kitchen Trash Can Wide Opening Sensor Eco-friendly Waste Garbage Bin","US $26.95","US $27.71"
"32920475848","234415064","//ae01.alicdn.com/kf/HTB1nL5SX1P2gK0jSZFoq6yuIVXa1.jpg_350x350.jpg","//www.aliexpress.com/item/Ice-Fabric-Arm-Sleeves-Mangas-Warmers-Summer-Sports-UV-Protection-Running-Cycling-Driving-Reflective-Sunscreen-Bands/32920475848.html?gps-id=5547572&scm=1007.19201.130907.0&scm_id=1007.19201.130907.0&scm-url=1007.19201.130907.0&pvid=36d2e960-cbe2-4f05-87d5-d999d8e6f092","Ice Fabric Arm Sleeves Mangas Warmers Summer Sports UV Protection Running Cycling Driving Reflective Sunscreen Bands","US $1.80","US $1.80"
"32975877369","202592647","//ae01.alicdn.com/kf/H527ea02aa29740cd8d87f5347672aeb1a.jpg_350x350.jpg","//www.aliexpress.com/item/Ali-Grace-Lace-Front-Wigs-Brazilian-Curly-Human-Hair-Wigs-Pre-Plucked-Hairline-With-Baby-Hair/32975877369.html?gps-id=5547572&scm=1007.19201.130907.0&scm_id=1007.19201.130907.0&scm-url=1007.19201.130907.0&pvid=36d2e960-cbe2-4f05-87d5-d999d8e6f092","Ali Grace Lace Front Wigs Brazilian Curly Human Hair Wigs Pre Plucked Hairline With Baby Hair Remy Hair 360 Lace Frontal Wigs","US $53.27","US $200.35"
"32919658489","228462461","//ae01.alicdn.com/kf/HTB1pqbnbYPpK1RjSZFFq6y5PpXaT.jpg_350x350.jpg","//www.aliexpress.com/item/ZNP-360-Full-Protective-Phone-Case-For-iPhone-8-7-Plus-6-6s-Case-5-5S/32919658489.html?gps-id=5547572&scm=1007.19201.130907.0&scm_id=1007.19201.130907.0&scm-url=1007.19201.130907.0&pvid=36d2e960-cbe2-4f05-87d5-d999d8e6f092","ZNP 360 Full Protective Phone Case For iPhone 8 7 Plus 6 6s Case 5 5S SE X 10 Full Cover For iPhone XR Xs Max X Case cover","US $1.39","US $3.49"
"33044469430","230189539","//ae01.alicdn.com/kf/HTB11bq3dEKF3KVjSZFEq6xExFXaI.jpg_350x350.jpg","//www.aliexpress.com/item/Sponge-Mops-and-Bucket-set-with-Replacement-Sponge-Heads-PVA-Sponge-Mop-with-Super-Absorbent-Easy/33044469430.html?gps-id=5547572&scm=1007.19201.130907.0&scm_id=1007.19201.130907.0&scm-url=1007.19201.130907.0&pvid=36d2e960-cbe2-4f05-87d5-d999d8e6f092","Sponge Mops and Bucket set with Replacement Sponge Heads PVA Sponge Mop with Super Absorbent Easy Clean for Hardwood Floor","US $10.83","US $28.50"
"32966710197","222824181","//ae01.alicdn.com/kf/HTB1jnfIaKT2gK0jSZFvq6xnFXXap.jpg_350x350.jpg","//www.aliexpress.com/item/High-Waist-Seamless-Leggings-Push-Up-Leggins-Sport-Women-Fitness-Running-Yoga-Pants-Energy-Seamless-Leggings/32966710197.html?gps-id=5547572&scm=1007.19201.130907.0&scm_id=1007.19201.130907.0&scm-url=1007.19201.130907.0&pvid=36d2e960-cbe2-4f05-87d5-d999d8e6f092","High Waist Seamless Leggings Push Up Leggins Sport Women Fitness Running Yoga Pants Energy Seamless Leggings Gym Girl leggins","US $9.76","US $9.76"
"32952372611","231208841","//ae01.alicdn.com/kf/HTB1MfXsaUz1gK0jSZLeq6z9kVXaM.jpg_350x350.jpg","//www.aliexpress.com/item/LANBENA-Retinol-Eye-Mask-Hyaluronic-Acid-Eye-Patches-Serum-Reduces-Dark-Circles-Bags-Eye-Lines-Repair/32952372611.html?gps-id=5547572&scm=1007.19201.130907.0&scm_id=1007.19201.130907.0&scm-url=1007.19201.130907.0&pvid=36d2e960-cbe2-4f05-87d5-d999d8e6f092","LANBENA Retinol Eye Mask Hyaluronic Acid Eye Patches Serum Reduces Dark Circles Bags Eye Lines Repair Nourish Firming Skin Care","US $4.86","US $4.99"
"32959947492","231879351","//ae01.alicdn.com/kf/HTB1KV9ga1P2gK0jSZFoq6yuIVXaU.jpg_350x350.jpg","//www.aliexpress.com/item/Women-Blue-Seamless-Leggings-Tummy-Control-Yoga-Leggings-High-Waist-Booty-Leggings-Sport-Fitness-Gym-Leggings/32959947492.html?gps-id=5547572&scm=1007.19201.130907.0&scm_id=1007.19201.130907.0&scm-url=1007.19201.130907.0&pvid=36d2e960-cbe2-4f05-87d5-d999d8e6f092","Women Blue Seamless Leggings Tummy Control Yoga Leggings High Waist Booty Leggings Sport Fitness Gym Leggings Athletic Tights","US $11.55","US $11.55"
"33008904272","229557341","//ae01.alicdn.com/kf/HTB1bxLlaHj1gK0jSZFuq6ArHpXas.jpg_350x350.jpg","//www.aliexpress.com/item/Shengke-Women-Watches-Starry-Green-Dial-Reloj-Mujer-Ladies-Wristwatch-Ultra-thin-Stainless-Steel-Strap-Quartz/33008904272.html?gps-id=5547572&scm=1007.19201.130907.0&scm_id=1007.19201.130907.0&scm-url=1007.19201.130907.0&pvid=36d2e960-cbe2-4f05-87d5-d999d8e6f092","Shengke Women Watches Starry Green Dial Reloj Mujer\tLadies Wristwatch Ultra-thin Stainless Steel Strap Quartz Montre Femme Gift","US $10.81","US $10.81"
"32906237612","223729216","//ae01.alicdn.com/kf/HTB1BknAdWSs3KVjSZPiq6AsiVXar.jpg_350x350.jpg","//www.aliexpress.com/item/Crrju-Fashion-Mens-Watches-Top-Brand-Luxury-Quartz-Watch-Men-Casual-Slim-Mesh-Steel-Waterproof-Sport/32906237612.html?gps-id=5547572&scm=1007.19201.130907.0&scm_id=1007.19201.130907.0&scm-url=1007.19201.130907.0&pvid=36d2e960-cbe2-4f05-87d5-d999d8e6f092","Crrju Fashion Mens Watches Top Brand Luxury Quartz Watch Men Casual Slim Mesh Steel Waterproof Sport Watch Relogio Masculino","US $10.49","US $10.49"
"32998398297","202108975","//ae01.alicdn.com/kf/HTB1.38na4D1gK0jSZFKq6AJrVXaa.jpg_350x350.jpg","//www.aliexpress.com/item/Mens-Sports-Watches-Top-Brand-Luxury-Ultra-Thin-Casual-Waterproof-Sport-Watch-Quartz-Full-Steel-Men/32998398297.html?gps-id=5547572&scm=1007.19201.130907.0&scm_id=1007.19201.130907.0&scm-url=1007.19201.130907.0&pvid=36d2e960-cbe2-4f05-87d5-d999d8e6f092","Mens Sports Watches Top Brand Luxury Ultra Thin Casual Waterproof Sport Watch Quartz Full Steel Men Watch Relogio Masculino","US $10.49","US $10.49"
"32953498781","230288614","//ae01.alicdn.com/kf/HTB1xw4taQL0gK0jSZFAq6AA9pXaz.jpg_350x350.jpg","//www.aliexpress.com/item/DOM-Mechanical-Watch-Men-Wrist-Automatic-Retro-Watches-Men-Waterproof-Black-Full-Steel-Watch-Clock-Montre/32953498781.html?gps-id=5547572&scm=1007.19201.130907.0&scm_id=1007.19201.130907.0&scm-url=1007.19201.130907.0&pvid=36d2e960-cbe2-4f05-87d5-d999d8e6f092","DOM Mechanical Watch Men Wrist Automatic Retro Watches Men Waterproof Black Full-Steel Watch Clock Montre Homme M-75BK-1MW","US $54.43","US $59.13"
"32985179392","201114165","//ae01.alicdn.com/kf/HTB1OYCOaEz1gK0jSZLeq6z9kVXau.jpg_350x350.jpg","//www.aliexpress.com/item/Waist-trainer-Shapers-reductora-Women-body-shaper-Slimming-Belt-Panties-butt-lifter-Shapewear-Slimming-Underwear-tummy/32985179392.html?gps-id=5547572&scm=1007.19201.130907.0&scm_id=1007.19201.130907.0&scm-url=1007.19201.130907.0&pvid=36d2e960-cbe2-4f05-87d5-d999d8e6f092","Waist trainer Shapers reductora Women body shaper Slimming Belt Panties butt lifter Shapewear Slimming Underwear tummy control","US $7.27","US $7.27"
"32946164043","234511530","//ae01.alicdn.com/kf/HTB1FsQIX4z1gK0jSZSgq6yvwpXaG.jpg_350x350.jpg","//www.aliexpress.com/item/Global-Drone-EXA-Dron-with-HD-Camera-1080P-Live-Video-Drone-X-Pro-Whole-Set-RC/32946164043.html?gps-id=5547572&scm=1007.19201.130907.0&scm_id=1007.19201.130907.0&scm-url=1007.19201.130907.0&pvid=36d2e960-cbe2-4f05-87d5-d999d8e6f092","Global Drone EXA Dron with HD Camera 1080P Live Video Drone X Pro Whole Set RC Helicopter FPV Quadrocopter Drones VS Drone E58","US $33.04","US $46.60"
"32921632510","234084478","//ae01.alicdn.com/kf/HTB1z2Rma2b2gK0jSZK9q6yEgFXaB.jpg_350x350.jpg","//www.aliexpress.com/item/Vintage-Floral-Print-Patchwork-Long-Dress-Women-2019-Casual-Short-Sleeve-Party-Dress-Elegant-O-Neck/32921632510.html?gps-id=5547572&scm=1007.19201.130907.0&scm_id=1007.19201.130907.0&scm-url=1007.19201.130907.0&pvid=36d2e960-cbe2-4f05-87d5-d999d8e6f092","Vintage Floral Print Patchwork Long Dress Women 2019 Casual Short Sleeve Party Dress Elegant O Neck Ladies Maxi Dress Sundress","US $8.23","US $9.15"
"32902939022","112673999","//ae01.alicdn.com/kf/HTB1k1B3auL2gK0jSZPhq6yhvXXa0.jpg_350x350.jpg","//www.aliexpress.com/item/Bonsny-Enamel-Alloy-Elegant-Floral-Kitten-Cat-Necklace-Pendant-Collar-Fashion-Animal-Jewelry-For-Women-Girl/32902939022.html?gps-id=5547572&scm=1007.19201.130907.0&scm_id=1007.19201.130907.0&scm-url=1007.19201.130907.0&pvid=36d2e960-cbe2-4f05-87d5-d999d8e6f092","Bonsny Enamel Alloy Elegant Floral Kitten Cat Necklace Pendant Collar Fashion Animal Jewelry For Women Girl Lady Pet Lovers Gift","US $2.45","US $2.45"
"32979789866","201846959","//ae01.alicdn.com/kf/HTB15bUVXMFY.1VjSZFnq6AFHXXau.jpg_350x350.jpg","//www.aliexpress.com/item/Deep-Curly-Short-Bob-Wigs-13x6-Lace-Front-Human-Hair-Wigs-Brazilian-250-Density-Glueless-Lace/32979789866.html?gps-id=5547572&scm=1007.19201.130907.0&scm_id=1007.19201.130907.0&scm-url=1007.19201.130907.0&pvid=36d2e960-cbe2-4f05-87d5-d999d8e6f092","Deep Curly Short Bob Wigs 13x6 Lace Front Human Hair Wigs Brazilian 250 Density Glueless Lace Frontal Wig Dolago Full Ends","US $41.25","US $124.50"
"1805144872","202353299","//ae01.alicdn.com/kf/HTB190bFaKP2gK0jSZFoq6yuIVXaB.jpg_350x350.jpg","//www.aliexpress.com/item/2014-Newest-design-8GB-16GB-32GB-U-Disk-Creative-Waterproof-Metal-64GB-Keychain-USB-Flash-Drives/1805144872.html?gps-id=5547572&scm=1007.19201.130907.0&scm_id=1007.19201.130907.0&scm-url=1007.19201.130907.0&pvid=36d2e960-cbe2-4f05-87d5-d999d8e6f092","Suntrsi USB Flash Drive 64GB Metal Pendrive High Speed USB Stick 32GB Pen Drive Real Capacity 16GB USB Flash Free Shipping","US $2.59","US $13.33"
"32887972444","234084478","//ae01.alicdn.com/kf/HTB1_XJnaYr1gK0jSZFDq6z9yVXa5.jpg_350x350.jpg","//www.aliexpress.com/item/Women-Floral-Print-Beach-Dress-Fashion-Boho-Summer-Dresses-Ladies-Vintage-Bandage-Bodycon-Party-Dress-Vestidos/32887972444.html?gps-id=5547572&scm=1007.19201.130907.0&scm_id=1007.19201.130907.0&scm-url=1007.19201.130907.0&pvid=36d2e960-cbe2-4f05-87d5-d999d8e6f092","Women Floral Print Beach Dress Fashion Boho Summer Dresses Ladies Vintage Bandage Bodycon Party Dress Vestidos Plus Size S-3XL","US $6.99","US $6.99"
"32852573652","229460005","//ae01.alicdn.com/kf/HTB1.zM5ai_1gK0jSZFqq6ApaXXak.jpg_350x350.jpg","//www.aliexpress.com/item/Smart-PIR-Motion-Sensor-Toilet-Seat-Night-Light-8-Colors-Waterproof-Backlight-For-Toilet-Bowl-LED/32852573652.html?gps-id=5547572&scm=1007.19201.130907.0&scm_id=1007.19201.130907.0&scm-url=1007.19201.130907.0&pvid=36d2e960-cbe2-4f05-87d5-d999d8e6f092","Smart PIR Motion Sensor Toilet Seat Night Light 8 Colors Waterproof Backlight For Toilet Bowl LED Luminaria Lamp WC Toilet Light","US $2.26","US $2.26"
"33000355573","231301448","//ae01.alicdn.com/kf/HTB1D3_NaUD1gK0jSZFGq6zd3FXaa.jpg_350x350.jpg","//www.aliexpress.com/item/SEXYSHEEP-7pairs-22-25mm-5D-Faux-Mink-Eyelashes-Fake-Lashes-Long-Makeup-Mink-Lashes-Eyelash-Extension/33000355573.html?gps-id=5547572&scm=1007.19201.130907.0&scm_id=1007.19201.130907.0&scm-url=1007.19201.130907.0&pvid=36d2e960-cbe2-4f05-87d5-d999d8e6f092","SEXYSHEEP 7pairs 22-25mm 5D Faux Mink Eyelashes Fake Lashes Long Makeup Mink Lashes Eyelash Extension False Eyelashes maquiagem","US $3.53","US $4.15"
"32677154931","202308992","//ae01.alicdn.com/kf/HTB1ek0eaxD1gK0jSZFyq6AiOVXaV.jpg_350x350.jpg","//www.aliexpress.com/item/Aptoco-Magnetic-Therapy-Posture-Corrector-Brace-Shoulder-Back-Support-Belt-for-Men-Women-Braces-Supports-Belt/32677154931.html?gps-id=5547572&scm=1007.19201.130907.0&scm_id=1007.19201.130907.0&scm-url=1007.19201.130907.0&pvid=36d2e960-cbe2-4f05-87d5-d999d8e6f092","Aptoco Magnetic Therapy Posture Corrector Brace Shoulder Back Support Belt for Men Women Braces & Supports Belt Shoulder Posture","US $7.51","US $8.25"
"32838992111","201995577","//ae01.alicdn.com/kf/HTB1orxRaLb2gK0jSZK9q6yEgFXaF.jpg_350x350.jpg","//www.aliexpress.com/item/DAIMI-Pearl-Jewelry-Sets-Necklace-Bracelet-Earrings-Baroque-Pearl-Sets-For-Women-Party-Jewelry-Wedding-Jewlery/32838992111.html?gps-id=5547572&scm=1007.19201.130907.0&scm_id=1007.19201.130907.0&scm-url=1007.19201.130907.0&pvid=36d2e960-cbe2-4f05-87d5-d999d8e6f092","DAIMI Pearl Jewelry Sets Necklace Bracelet Earrings Baroque Pearl Sets For Women Party Jewelry Wedding Jewlery Christmas Gift","US $8.69","US $8.69"
"33015435197","226521393","//ae01.alicdn.com/kf/HTB1nhZ7aHY1gK0jSZTEq6xDQVXaT.jpg_350x350.jpg","//www.aliexpress.com/item/INQMEGA-360-Degree-LED-Light-960P-Wireless-Panoramic-Home-Security-Security-WiFi-CCTV-Fisheye-Bulb-Lamp/33015435197.html?gps-id=5547572&scm=1007.19201.130907.0&scm_id=1007.19201.130907.0&scm-url=1007.19201.130907.0&pvid=36d2e960-cbe2-4f05-87d5-d999d8e6f092","INQMEGA 360 Degree LED Light 960P Wireless Panoramic Home Security Security WiFi CCTV Fisheye Bulb Lamp IP Camera Two Ways Audio","US $14.47","US $33.13"
"32847548221","230696653","//ae01.alicdn.com/kf/HTB17bu3akH0gK0jSZPiq6yvapXaC.jpg_350x350.jpg","//www.aliexpress.com/item/86102-GDCOCO-2019-New-Arrival-Primer-Gel-Varnish-Soak-Off-UV-LED-Gel-Nail-Polish/32847548221.html?gps-id=5547572&scm=1007.19201.130907.0&scm_id=1007.19201.130907.0&scm-url=1007.19201.130907.0&pvid=36d2e960-cbe2-4f05-87d5-d999d8e6f092","#86102 GDCOCO 2019 New Arrival Primer Gel Varnish Soak Off UV LED Gel Nail Polish Base Coat No Wipe Top Color Gel Polish","US $0.85","US $4.24"
"32981981908","229526024","//ae01.alicdn.com/kf/HTB1DinrakT2gK0jSZPcq6AKkpXap.jpg_350x350.jpg","//www.aliexpress.com/item/QCY-QS2-TWS-Bluetooth-V5-0-Headset-Sports-Wireless-Earphones-3D-Stereo-Earbuds-Mini-in-Ear/32981981908.html?gps-id=5547572&scm=1007.19201.130907.0&scm_id=1007.19201.130907.0&scm-url=1007.19201.130907.0&pvid=36d2e960-cbe2-4f05-87d5-d999d8e6f092","QCY QS2 TWS Bluetooth V5.0 Headset Sports Wireless Earphones 3D Stereo Earbuds Mini in Ear Dual Microphone With Charging box","US $19.78","US $19.78"
"32841915798","230094000","//ae01.alicdn.com/kf/HTB1D3hVa8r0gK0jSZFnq6zRRXXa5.jpg_350x350.jpg","//www.aliexpress.com/item/KINGSEVEN-Fashion-Polarized-Sunglasses-Men-Luxury-Brand-Designer-Vintage-Driving-Sun-Glasses-Male-Goggles-Shadow-UV400/32841915798.html?gps-id=5547572&scm=1007.19201.130907.0&scm_id=1007.19201.130907.0&scm-url=1007.19201.130907.0&pvid=36d2e960-cbe2-4f05-87d5-d999d8e6f092","KINGSEVEN Fashion Polarized Sunglasses Men Luxury Brand Designer Vintage Driving Sun Glasses Male Goggles Shadow UV400","US $8.69","US $8.69"
"32955585679","227440563","//ae01.alicdn.com/kf/HTB13aEJauH2gK0jSZFEq6AqMpXad.jpg_350x350.jpg","//www.aliexpress.com/item/Power-Bank-for-xiaomi-mi-iPhone-USAMS-Mini-Pover-Bank-10000mAh-LED-Display-Powerbank-External-Battery/32955585679.html?gps-id=5547572&scm=1007.19201.130907.0&scm_id=1007.19201.130907.0&scm-url=1007.19201.130907.0&pvid=36d2e960-cbe2-4f05-87d5-d999d8e6f092","Power Bank for xiaomi mi iPhon","over Bank 10000mAh LED Display Powerbank External Battery Poverbank  Fast charging","US $11.04"
"32818601228","202108943","//ae01.alicdn.com/kf/HTB1yOjsaED1gK0jSZFGq6zd3FXaj.jpg_350x350.jpg","//www.aliexpress.com/item/KERUI-WaterProof-Touch-Doorbell-Button-Wireless-32-Songs-Optional-Door-Bell-Kits-EU-US-UK-plug/32818601228.html?gps-id=5547572&scm=1007.19201.130907.0&scm_id=1007.19201.130907.0&scm-url=1007.19201.130907.0&pvid=36d2e960-cbe2-4f05-87d5-d999d8e6f092","KERUI M525 Home Security Welcome Wireless Doorbell Smart Chimes Doorbell Alarm LED light 32 Songs with Waterproof Touch Button","US $3.29","US $12.87"
"32991044329","230897091","//ae01.alicdn.com/kf/HTB1jEptaSf2gK0jSZFPq6xsopXat.jpg_350x350.jpg","//www.aliexpress.com/item/UMIDIGI-S3-PRO-Android-9-0-48MP-12MP-20MP-5150mAh-128GB-6GB-6-3-NFC-Global/32991044329.html?gps-id=5547572&scm=1007.19201.130907.0&scm_id=1007.19201.130907.0&scm-url=1007.19201.130907.0&pvid=36d2e960-cbe2-4f05-87d5-d999d8e6f092","UMIDIGI S3 PRO Android 9.0 48MP+12MP+20MP 5150mAh 128GB 6GB 6.3\"" NFC Global Version Smartphone unlocked octa core mobile phone","US $269.99","US $269.99"
"32970603835","231856592","//ae01.alicdn.com/kf/HTB1lNjXauL2gK0jSZPhq6yhvXXap.jpg_350x350.jpg","//www.aliexpress.com/item/Seamless-Bras-For-Women-Sexy-Push-Up-Lingerie-Plus-Size-Sleeping-Bra-XL-Wireless-Bralette-Brassiere/32970603835.html?gps-id=5547572&scm=1007.19201.130907.0&scm_id=1007.19201.130907.0&scm-url=1007.19201.130907.0&pvid=36d2e960-cbe2-4f05-87d5-d999d8e6f092","Seamless Bras For Women Sexy Push Up Lingerie Plus Size Sleeping Bra XL Wireless Bralette Brassiere Underwear #D","US $3.99","US $3.99"
"33019606621","234828439","//ae01.alicdn.com/kf/HTB1tf_Ed21H3KVjSZFBq6zSMXXaX.jpg_350x350.jpg","//www.aliexpress.com/item/HAIQIN-Men-s-Watches-Mens-Watches-top-brand-luxury-Mechanical-Business-Wrist-watch-men-Reloj-Mecanico/33019606621.html?gps-id=5547572&scm=1007.19201.130907.0&scm_id=1007.19201.130907.0&scm-url=1007.19201.130907.0&pvid=36d2e960-cbe2-4f05-87d5-d999d8e6f092","HAIQIN Men's Watches Mens Watches top brand luxury Mechanical Business Wrist watch men Reloj Mecanico de hombres Tourbillon 2019","US $38.39","US $39.99"
"33010968475","223729216","//ae01.alicdn.com/kf/HTB1k0mpa4z1gK0jSZSgq6yvwpXa0.jpg_350x350.jpg","//www.aliexpress.com/item/Relogio-Masculino-CRRJU-Mens-Business-Dress-Watches-Luxury-Casual-Waterproof-Sport-Watch-Men-3-Sub-Dial/33010968475.html?gps-id=5547572&scm=1007.19201.130907.0&scm_id=1007.19201.130907.0&scm-url=1007.19201.130907.0&pvid=13a0dcc9-98a2-4b87-a4de-caaaac2e05b8","Relogio Masculino CRRJU Mens Business Dress Watches Luxury Casual Waterproof Sport Watch Men 3-Sub Dial Quartz Slim Mesh Watch","US $14.69","US $14.69"
"33016549634","231389210","//ae01.alicdn.com/kf/HTB1bwdsa.T1gK0jSZFhq6yAtVXam.jpg_350x350.jpg","//www.aliexpress.com/item/LIGE-New-Mens-Watches-Top-Luxury-Brand-Men-Unique-Sports-Watch-Men-s-Quartz-Date-Clock/33016549634.html?gps-id=5547572&scm=1007.19201.130907.0&scm_id=1007.19201.130907.0&scm-url=1007.19201.130907.0&pvid=13a0dcc9-98a2-4b87-a4de-caaaac2e05b8","LIGE New Mens Watches Top Luxury Brand Men Unique Sports Watch Men's Quartz Date Clock Waterproof Wrist Watch Relogio Masculino","US $16.79","US $16.79"
"32958909860","235064193","//ae01.alicdn.com/kf/HTB16mxoaebviK0jSZFNq6yApXXaK.jpg_350x350.jpg","//www.aliexpress.com/item/Powerful-Magic-Wand-AV-Vibrator-Sex-Toys-for-Woman-Clitoris-Stimulator-Sex-Shop-toys-for-adults/32958909860.html?gps-id=5547572&scm=1007.19201.130907.0&scm_id=1007.19201.130907.0&scm-url=1007.19201.130907.0&pvid=13a0dcc9-98a2-4b87-a4de-caaaac2e05b8","Powerful Magic Wand AV Vibrator Sex Toys for Woman Clitoris Stimulator Sex Shop toys for adults G Spot vibrating Dildo for woman","US $8.72","US $10.28"
"33037428300","117232342","//ae01.alicdn.com/kf/HTB1cSuqX4z1gK0jSZSgq6yvwpXab.jpg_350x350.jpg","//www.aliexpress.com/item/Wavefun-XPods-3-Bluetooth-Earphone-HIFI-aptX-Headphones-IPX7-Wireless-Headphones-Touch-Control-Wireless-Earphones-Bluetooth/33037428300.html?gps-id=5547572&scm=1007.19201.130907.0&scm_id=1007.19201.130907.0&scm-url=1007.19201.130907.0&pvid=13a0dcc9-98a2-4b87-a4de-caaaac2e05b8","Wavefun XPods 3 Bluetooth Earphone HIFI aptX Headphones IPX7 Wireless Headphones Touch Control Wireless Earphones Bluetooth 5.0","US $31.99","US $32.79"
"33003824855","234685863","//ae01.alicdn.com/kf/HTB11Cdea9f2gK0jSZFPq6xsopXaO.jpg_350x350.jpg","//www.aliexpress.com/item/saengQ-Electric-Humidifier-Aroma-Oil-Diffuser-Ultrasonic-Wood-Grain-Air-Humidifier-USB-Mini-Mist-Maker-LEDLight/33003824855.html?gps-id=5547572&scm=1007.19201.130907.0&scm_id=1007.19201.130907.0&scm-url=1007.19201.130907.0&pvid=13a0dcc9-98a2-4b87-a4de-caaaac2e05b8","saengQ Electric Humidifier Aroma Oil Diffuser Ultrasonic Wood Grain Air Humidifier USB Mini Mist Maker LEDLight For Home Office","US $7.05","US $7.48"
"32978656646","231318705","//ae01.alicdn.com/kf/HTB1i4G3aHj1gK0jSZFuq6ArHpXaB.jpg_350x350.jpg","//www.aliexpress.com/item/SG106-WiFi-FPV-RC-Drone-4K-Camera-Optical-Flow-1080P-HD-Dual-Camera-Aerial-Video-RC/32978656646.html?gps-id=5547572&scm=1007.19201.130907.0&scm_id=1007.19201.130907.0&scm-url=1007.19201.130907.0&pvid=13a0dcc9-98a2-4b87-a4de-caaaac2e05b8","SG106 WiFi FPV RC Drone 4K Camera Optical Flow 1080P HD Dual Camera Aerial Video RC Quadcopter Aircraft Quadrocopter Toys Kid","US $32.67","US $62.77"
"32924171735","201722553","//ae01.alicdn.com/kf/HTB1NbpJdv5G3KVjSZPxq6zI3XXa6.jpg_350x350.jpg","//www.aliexpress.com/item/SAENSHING-Cycling-Shorts-bike-5D-Gel-Padded-Underwear-Downhill-Mtb-Shorts-Men-Mountain-Bicycle-Male-Compression/32924171735.html?gps-id=5547572&scm=1007.19201.130907.0&scm_id=1007.19201.130907.0&scm-url=1007.19201.130907.0&pvid=13a0dcc9-98a2-4b87-a4de-caaaac2e05b8","SAENSHING Cycling Shorts bike 5D Gel Padded Underwear Downhill Mtb Shorts Men Mountain Bicycle Male Compression Tights Shorts","US $8.67","US $8.67"
"32681041612","222129076","//ae01.alicdn.com/kf/HTB15TC9aQL0gK0jSZFAq6AA9pXae.jpg_350x350.jpg","//www.aliexpress.com/item/Golden-Crystal-Diamond-Tassel-Women-Evening-Wedding-Party-Bridal-Wristlets-Handbag-Metal-Clutches-Purse-Hardcase-Ball/32681041612.html?gps-id=5547572&scm=1007.19201.130907.0&scm_id=1007.19201.130907.0&scm-url=1007.19201.130907.0&pvid=13a0dcc9-98a2-4b87-a4de-caaaac2e05b8","Golden Diamond Tassel Women Party Metal Crystal Clutches Evening Bags Wedding Bag Bridal Shoulder Handbag Wristlets Clutch Purse","US $16.56","US $16.56"
"32826863644","230834527","//ae01.alicdn.com/kf/HTB1Kx5UX7Y2gK0jSZFgq6A5OFXaD.jpg_350x350.jpg","//www.aliexpress.com/item/2017-Summer-New-Vintage-Men-Casual-Shoes-Men-Business-Formal-Brogue-Weave-Carved-Oxfords-Wedding-Dress/32826863644.html?gps-id=5547572&scm=1007.19201.130907.0&scm_id=1007.19201.130907.0&scm-url=1007.19201.130907.0&pvid=13a0dcc9-98a2-4b87-a4de-caaaac2e05b8","2019 Summer New Vintage Men Casual Shoes Men Business Formal Brogue Weave Carved Oxfords Wedding Dress Shoes Breathable","US $16.12","US $16.12"
"32856820239","228664877","//ae01.alicdn.com/kf/HTB1dFO0aUD1gK0jSZFGq6zd3FXay.jpg_350x350.jpg","//www.aliexpress.com/item/Moweek-Multifunctional-USB-Flash-Drive-128gb-64gb-cle-usb-stick-32gb-16gb-pendrive-8gb-4gb-usb/32856820239.html?gps-id=5547572&scm=1007.19201.130907.0&scm_id=1007.19201.130907.0&scm-url=1007.19201.130907.0&pvid=13a0dcc9-98a2-4b87-a4de-caaaac2e05b8","Moweek Multifunctional USB Flash Drive 128gb 64gb cle usb stick 32gb 16gb pendrive 8gb 4gb usb 2.0 Pen Drive for android","US $2.53","US $11.50"
"33014447322","229432000","//ae01.alicdn.com/kf/HTB156xNauH2gK0jSZFEq6AqMpXan.jpg_350x350.jpg","//www.aliexpress.com/item/SHIDISHANGPIN-5-pairs-mink-eyelashes-false-eyelashes-natural-false-lashes-3d-mink-lashes-3d-lashes-mink/33014447322.html?gps-id=5547572&scm=1007.19201.130907.0&scm_id=1007.19201.130907.0&scm-url=1007.19201.130907.0&pvid=13a0dcc9-98a2-4b87-a4de-caaaac2e05b8","SHIDISHANGPIN 5 pairs mink eyelashes false eyelashes natural false lashes 3d mink lashes 3d lashes mink faux cils cilios","US $2.25","US $5.76"
"32937404471","232049911","//ae01.alicdn.com/kf/HTB1.U_Faa61gK0jSZFlq6xDKFXa0.jpg_350x350.jpg","//www.aliexpress.com/item/LED-Professional-Lighted-Makeup-Mirrors-With-Adjustable-LED-Light-16-22-Touch-Screen-Mirrors-For-Beauty/32937404471.html?gps-id=5547572&scm=1007.19201.130907.0&scm_id=1007.19201.130907.0&scm-url=1007.19201.130907.0&pvid=13a0dcc9-98a2-4b87-a4de-caaaac2e05b8","LED Professional Lighted Makeup Mirrors With Adjustable LED Light 16/22 Touch Screen Mirrors For Beauty Makeup Eyelash Brush","US $12.54","US $16.04"
"32882536314","220527017","//ae01.alicdn.com/kf/HTB16NgJaxD1gK0jSZFsq6zldVXaG.jpg_350x350.jpg","//www.aliexpress.com/item/Vnox-4pcs-Set-Black-Bracelets-for-Men-Bangle-Adjustable-Length-Bohemia-Holiday-Male-Jewelry-Punk-Pulseira/32882536314.html?gps-id=5547572&scm=1007.19201.130907.0&scm_id=1007.19201.130907.0&scm-url=1007.19201.130907.0&pvid=13a0dcc9-98a2-4b87-a4de-caaaac2e05b8","Vnox 4pcs/ Set Black Bracelets for Men Bangle Adjustable Length Bohemia Holiday Male Jewelry Punk Pulseira","US $2.18","US $2.18"
"32993850961","234500264","//ae01.alicdn.com/kf/HTB1aXLJaRv0gK0jSZKbq6zK2FXaP.jpg_350x350.jpg","//www.aliexpress.com/item/ERNESTNM-2019-New-Sneakers-Women-35-42-Platform-White-Sneakers-Horsehair-Shoes-Casual-Flats-Breathable-Soft/32993850961.html?gps-id=5547572&scm=1007.19201.130907.0&scm_id=1007.19201.130907.0&scm-url=1007.19201.130907.0&pvid=13a0dcc9-98a2-4b87-a4de-caaaac2e05b8","ERNESTNM 2019 New Sneakers Women 35-42 Platform White Sneakers Horsehair Shoes Casual Flats Breathable Soft Woman Chunky Shoes","US $20.92","US $30.35"
"32868372509","228331801","//ae01.alicdn.com/kf/HTB1viZMphSYBuNjSspjq6x73VXaG.jpg_350x350.jpg","//www.aliexpress.com/item/Mifa-A3-Bluetooth-speakers-Touch-Control-Wireless-Portable-Speaker-HiFi-3D-Stereo-Support-TF-Card-AUX/32868372509.html?gps-id=5547572&scm=1007.19201.130907.0&scm_id=1007.19201.130907.0&scm-url=1007.19201.130907.0&pvid=13a0dcc9-98a2-4b87-a4de-caaaac2e05b8","Mifa A3 Bluetooth speakers Touch Control Wireless Portable Speaker HiFi 3D Stereo Support TF Card AUX Handsfree With Microphone","US $24.95","US $24.95"
"32970732475","117318877","//ae01.alicdn.com/kf/HTB12nvAaQL0gK0jSZFtq6xQCXXai.jpg_350x350.jpg","//www.aliexpress.com/item/IF-YOU-Fashion-Pearl-Multilayer-Leather-Bracelet-Bangle-Woman-Vintage-Charm-Pendant-Bracelets-2019-Pulseira-Jewelry/32970732475.html?gps-id=5547572&scm=1007.19201.130907.0&scm_id=1007.19201.130907.0&scm-url=1007.19201.130907.0&pvid=13a0dcc9-98a2-4b87-a4de-caaaac2e05b8","IF YOU Fashion Pearl Multilayer Leather Bracelet Bangle Woman Vintage Charm Pendant Bracelets 2019 Pulseira Jewelry Dropship New","US $1.36","US $2.64"
"32966526933","231416573","//ae01.alicdn.com/kf/HTB1mnQMapT7gK0jSZFpq6yTkpXaX.jpg_350x350.jpg","//www.aliexpress.com/item/1-2-3-7-Pairs-Box-Natural-False-Eyelashes-3d-Mink-Lashes-Long-Thick-Real-Mink/32966526933.html?gps-id=5547572&scm=1007.19201.130907.0&scm_id=1007.19201.130907.0&scm-url=1007.19201.130907.0&pvid=13a0dcc9-98a2-4b87-a4de-caaaac2e05b8","1/2/3/7 Pairs/Box Natural False Eyelashes 3d Mink Lashes Long Thick Real Mink Fake Eyelashes Extension for Beauty Makeup Kit","US $2.05","US $3.54"
"32826959329","222159850","//ae01.alicdn.com/kf/HTB1jIGHa.H1gK0jSZSyq6xtlpXaf.jpg_350x350.jpg","//www.aliexpress.com/item/Fashion-Mens-Hooded-Jacket-2017-Autumn-Slim-Fit-Long-Sleeve-HommeTrendy-Coat-Brand-Clothing/32826959329.html?gps-id=5547572&scm=1007.19201.130907.0&scm_id=1007.19201.130907.0&scm-url=1007.19201.130907.0&pvid=13a0dcc9-98a2-4b87-a4de-caaaac2e05b8","Floral Jacket 2019 Autumn Mens Hooded Jackets Slim Fit Long Sleeve Homme Trendy Windbreaker Coat Brand Clothing Drop Shipping","US $10.91","US $11.75"
"32878891878","232975709","//ae01.alicdn.com/kf/Hb3ca8b4dd7554ba4bef622831da4700bw.jpg_350x350.jpg","//www.aliexpress.com/item/UMCHO-100-Real-Silver-925-Jewelry-Round-Created-Nano-Sapphire-Clip-Earrings-For-Women-Party-Fashion/32878891878.html?gps-id=5547572&scm=1007.19201.130907.0&scm_id=1007.19201.130907.0&scm-url=1007.19201.130907.0&pvid=13a0dcc9-98a2-4b87-a4de-caaaac2e05b8","UMCHO 100% Real Silver 925 Jewelry Round Created Nano Sapphire Clip Earrings For Women Party Fashion Gift Charms Fine Jewelry","US $9.18","US $9.18"
"32920420109","122129648","//ae01.alicdn.com/kf/HTB1H7XpaUY1gK0jSZFMq6yWcVXai.jpg_350x350.jpg","//www.aliexpress.com/item/FOCALLURE-14-Colors-Liquid-Pigment-Eyeshadow-Ocean-Light-Waterproof-Glitter-Shimmer-Highlighter-Brighten-Makeup-Liquid-Eyeshadow/32920420109.html?gps-id=5547572&scm=1007.19201.130907.0&scm_id=1007.19201.130907.0&scm-url=1007.19201.130907.0&pvid=13a0dcc9-98a2-4b87-a4de-caaaac2e05b8","FOCALLURE 14 Colors Liquid Pigment Eyeshadow Ocean Light Waterproof Glitter Shimmer Highlighter Brighten Makeup Liquid Eyeshadow","US $2.70","US $2.70"
"33004045856","220039456","//ae01.alicdn.com/kf/HTB1zuDJVmzqK1RjSZPcq6zTepXax.jpg_350x350.jpg","//www.aliexpress.com/item/Femperna-Bluetooth-Headphones-Bluetooth-5-0-Wireless-Earphones-With-Charge-Box-Sports-Headset-Telf/33004045856.html?gps-id=5547572&scm=1007.19201.130907.0&scm_id=1007.19201.130907.0&scm-url=1007.19201.130907.0&pvid=13a0dcc9-98a2-4b87-a4de-caaaac2e05b8","Femperna Bluetooth Headphones Bluetooth 5.0 Wireless Earphones With Charge Box Sports Headset Telf","US $14.50","US $15.46"
"32678203764","206063348","//ae01.alicdn.com/kf/HTB128fraAY2gK0jSZFgq6A5OFXai.jpg_350x350.jpg","//www.aliexpress.com/item/BPA-free-2200W-Heavy-Duty-Commercial-Blender-Professional-Blender-Mixer-Food-Processor-Japan-Blade-Juicer-Ice/32678203764.html?gps-id=5547572&scm=1007.19201.130907.0&scm_id=1007.19201.130907.0&scm-url=1007.19201.130907.0&pvid=13a0dcc9-98a2-4b87-a4de-caaaac2e05b8","BPA free 2200W Heavy Duty Commercial Blender Professional Blender Mixer Food Processor Japan Blade Juicer Ice Smoothie Machine","US $55.10","US $91.06"
"32541493063","221006688","//ae01.alicdn.com/kf/HTB1jmdraVT7gK0jSZFpq6yTkpXaQ.jpg_350x350.jpg","//www.aliexpress.com/item/2015-New-Fashion-sportswear-Autumn-sport-suit-men-clothes-track-suits-tracksuits-male-sweatshirts-men-hoodies/32541493063.html?gps-id=5547572&scm=1007.19201.130907.0&scm_id=1007.19201.130907.0&scm-url=1007.19201.130907.0&pvid=13a0dcc9-98a2-4b87-a4de-caaaac2e05b8","2018 Men Sportswear Hoodies Set Spring Suit Clothes Tracksuits Male Sweatshirts Coats Track Suits Joggers Plus Size autumn","US $8.73","US $16.75"
"32925859600","234474739","//ae01.alicdn.com/kf/HLB1zDoMasnrK1RkHFrdq6xCoFXas.jpg_350x350.jpg","//www.aliexpress.com/item/TUUTH-Microwave-Lunch-Box-Wheat-Straw-Dinnerware-Food-Storage-Container-Children-Kids-School-Office-Portable-Bento/32925859600.html?gps-id=5547572&scm=1007.19201.130907.0&scm_id=1007.19201.130907.0&scm-url=1007.19201.130907.0&pvid=13a0dcc9-98a2-4b87-a4de-caaaac2e05b8","TUUTH Microwave Lunch Box Wheat Straw Dinnerware Food Storage Container Children Kids School Office Portable Bento Box","US $7.30","US $10.14"
"33040253970","234740862","//ae01.alicdn.com/kf/HTB1VFaEaYr1gK0jSZFDq6z9yVXad.jpg_350x350.jpg","//www.aliexpress.com/item/NO-ONEPAUL-Men-s-leather-alloy-pin-buckle-jeans-belt-fashion-business-cow-genuine-leather-men/33040253970.html?gps-id=5547572&scm=1007.19201.130907.0&scm_id=1007.19201.130907.0&scm-url=1007.19201.130907.0&pvid=13a0dcc9-98a2-4b87-a4de-caaaac2e05b8","NO.ONEPAUL Men's leather alloy pin buckle jeans belt fashion business cow genuine leather men's youth luxury retro classic belts","US $7.19","US $7.19"
"32869232621","222452784","//ae01.alicdn.com/kf/HTB16L6TaBr0gK0jSZFnq6zRRXXan.jpg_350x350.jpg","//www.aliexpress.com/item/Vacuum-Slow-Sous-Vide-Food-Cooker-1500W-Powerful-Immersion-Circulator-LCD-Digital-Timer-Display-Stainless-Steel/32869232621.html?gps-id=5547572&scm=1007.19201.130907.0&scm_id=1007.19201.130907.0&scm-url=1007.19201.130907.0&pvid=13a0dcc9-98a2-4b87-a4de-caaaac2e05b8","Vacuum Slow Sous Vide Food Cooker 1500W Powerful Immersion Circulator - LCD Digital Timer Display Stainless Steel","US $49.60","US $52.70"
"33032500467","231152300","//ae01.alicdn.com/kf/HTB1HE0CaVT7gK0jSZFpq6yTkpXaf.jpg_350x350.jpg","//www.aliexpress.com/item/LBL-Men-Pants-Striped-Jogger-Autumn-Casual-Mens-Sweatpants-Sportswear-Long-Trousers-New-Straight-Pants-Man/33032500467.html?gps-id=5547572&scm=1007.19201.130907.0&scm_id=1007.19201.130907.0&scm-url=1007.19201.130907.0&pvid=13a0dcc9-98a2-4b87-a4de-caaaac2e05b8","LBL Men Pants Striped Jogger Autumn Casual Mens Sweatpants Sportswear Long Trousers New Straight Pants Man Fitness Clothing 5XL","US $10.80","US $12.22"
"32919402419","234447428","//ae01.alicdn.com/kf/HTB1YlxUabH1gK0jSZFwq6A7aXXaq.jpg_350x350.jpg","//www.aliexpress.com/item/1000W-Professional-Hair-Dryer-Brush-2-In-1-Hair-Straightener-Curler-Comb-Electric-Blow-Dryer-With/32919402419.html?gps-id=5547572&scm=1007.19201.130907.0&scm_id=1007.19201.130907.0&scm-url=1007.19201.130907.0&pvid=13a0dcc9-98a2-4b87-a4de-caaaac2e05b8","1000W Professional Hair Dryer Brush 2 In 1 Hair Straightener Curler Comb Electric Blow Dryer With Comb Hair Brush Roller Styler","US $22.49","US $23.49"
"32822961845","230149832","//ae01.alicdn.com/kf/H25211d45168740a892a3babef34691e6M.jpg_350x350.jpg","//www.aliexpress.com/item/Pioneer-Camp-New-black-thick-fleece-hoodies-men-brand-clothing-solid-casual-zipper-sweatshirt-male-quality/32822961845.html?gps-id=5547572&scm=1007.19201.130907.0&scm_id=1007.19201.130907.0&scm-url=1007.19201.130907.0&pvid=13a0dcc9-98a2-4b87-a4de-caaaac2e05b8","Pioneer Camp hoodies men black thick fleece warm autumn brand clothing solid casual zipper quality cotton sweatshirt male 622215","US $19.10","US $19.10"
"32931489776","233045793","//ae01.alicdn.com/kf/HTB1jqwLaEz1gK0jSZLeq6z9kVXa3.jpg_350x350.jpg","//www.aliexpress.com/item/VIBRANT-GLAMOUR-Face-Cream-Argireline-Pure-Collagen-Cream-Anti-wrinkle-Firming-Anti-Aging-Anti-Acne-Whitening/32931489776.html?gps-id=5547572&scm=1007.19201.130907.0&scm_id=1007.19201.130907.0&scm-url=1007.19201.130907.0&pvid=13a0dcc9-98a2-4b87-a4de-caaaac2e05b8","VIBRANT GLAMOUR  Face Cream Argireline Pure Collagen Cream Anti-wrinkle Firming Anti Aging Anti Acne Whitening Moisturizing Skin","US $4.15","US $4.15"
"32898247398","232321515","//ae01.alicdn.com/kf/HTB1TqutXEY1gK0jSZFMq6yWcVXax.jpg_350x350.jpg","//www.aliexpress.com/item/Newborn-baby-girl-clothes-carters-baby-girl-clothing-sets-2019-summer-floral-baby-girl-romper-with/32898247398.html?gps-id=5547572&scm=1007.19201.130907.0&scm_id=1007.19201.130907.0&scm-url=1007.19201.130907.0&pvid=13a0dcc9-98a2-4b87-a4de-caaaac2e05b8","Newborn baby girl clothes carters baby girl clothing sets 2019 summer floral baby girl romper with lace skirt bebes headbandsD40","US $7.47","US $8.21"
"32878236386","220996555","//ae01.alicdn.com/kf/HTB1N6OItkSWBuNjSszdq6zeSpXaI.jpg_350x350.jpg","//www.aliexpress.com/item/Modern-LED-Ceiling-Lights-Remote-control-for-Living-room-Bedroom-78W-72W-90W-120W-Aluminum-boby/32878236386.html?gps-id=5547572&scm=1007.19201.130907.0&scm_id=1007.19201.130907.0&scm-url=1007.19201.130907.0&pvid=13a0dcc9-98a2-4b87-a4de-caaaac2e05b8","Modern LED Ceiling Lights Remote control for Living room Bedroom 78W 72W 90W 120W Aluminum boby indoor plafond Lamp flush mount","US $42.90","US $191.40"
"32949502382","233061031","//ae01.alicdn.com/kf/HTB1OFnyX1T2gK0jSZFvq6xnFXXaZ.jpg_350x350.jpg","//www.aliexpress.com/item/Wireless-Vibrator-Adult-Toys-For-Couples-USB-Rechargeable-Dildo-G-Spot-U-Silicone-Stimulator-Double-Vibrators/32949502382.html?gps-id=5547572&scm=1007.19201.130907.0&scm_id=1007.19201.130907.0&scm-url=1007.19201.130907.0&pvid=13a0dcc9-98a2-4b87-a4de-caaaac2e05b8","Wireless Vibrator Adult Toys For Couples USB Rechargeable Dildo G Spot U Silicone Stimulator Double Vibrators Sex Toy For Woman","US $16.20","US $16.20"
"32947308601","200523736","//ae01.alicdn.com/kf/HTB1L.Q1aUrrK1RkSne1q6ArVVXaY.jpg_350x350.jpg","//www.aliexpress.com/item/Men-s-Women-s-12-Horoscope-Zodiac-Sign-Gold-Pendant-Necklace-Aries-Leo-Wholesale-Dropshipping-12/32947308601.html?gps-id=5547572&scm=1007.19201.130907.0&scm_id=1007.19201.130907.0&scm-url=1007.19201.130907.0&pvid=13a0dcc9-98a2-4b87-a4de-caaaac2e05b8","Men's Women's 12 Horoscope Zodiac Sign Gold Pendant Necklace Aries Leo Wholesale Dropshipping 12 Constellations Jewelry GPM24","US $1.85","US $3.33"
"32684174458","228443608","//ae01.alicdn.com/kf/HTB1WWuPamf2gK0jSZFPq6xsopXar.jpg_350x350.jpg","//www.aliexpress.com/item/50951-CANNI-Clear-Transparent-25-Color-Options-nail-gels-15ml-1-pcs-311-320/32684174458.html?gps-id=5547572&scm=1007.19201.130907.0&scm_id=1007.19201.130907.0&scm-url=1007.19201.130907.0&pvid=13a0dcc9-98a2-4b87-a4de-caaaac2e05b8","Thick Builder Gel Nails Pink VENALISA New 15ml Finger Nail Extension UV LED Gel Nail Cover Pink Camouflage Soak Off Jelly Gel","US $2.75","US $3.30"
"32983967990","236914696","//ae01.alicdn.com/kf/HTB1sElyaAP2gK0jSZPxq6ycQpXac.jpg_350x350.jpg","//www.aliexpress.com/item/ANLAN-Blackhead-Remover-Vacuum-Pore-Cleaner-Acne-Comedones-Removal-Black-Head-Remover-Face-Care-Pimples-Tools/32983967990.html?gps-id=5547572&scm=1007.19201.130907.0&scm_id=1007.19201.130907.0&scm-url=1007.19201.130907.0&pvid=13a0dcc9-98a2-4b87-a4de-caaaac2e05b8","ANLAN Blackhead Remover Vacuum Pore Cleaner Acne Comedones Removal Black Head Remover Face Care Pimples Tools Comedone Extractor","US $23.39","US $23.39"
"32995986420","237158167","//ae01.alicdn.com/kf/HTB1tNXaaFP7gK0jSZFjq6A5aXXaM.jpg_350x350.jpg","//www.aliexpress.com/item/OULIYUAN-Men-and-Women-Body-Hair-Removal-Cream-Hand-Leg-Hair-Loss-Depilatory-Cream-Clear-pore/32995986420.html?gps-id=5547572&scm=1007.19201.130907.0&scm_id=1007.19201.130907.0&scm-url=1007.19201.130907.0&pvid=13a0dcc9-98a2-4b87-a4de-caaaac2e05b8","OULIYUAN Men and Women Body Hair Removal Cream Hand Leg Hair Loss Depilatory Cream Clear pore dirt Removal Armpit Hair Care 40g","US $3.95","US $3.95"
"32678403089","221984825","//ae01.alicdn.com/kf/HTB1C0IMaG67gK0jSZFHq6y9jVXa5.jpg_350x350.jpg","//www.aliexpress.com/item/Doll-House-Furniture-Diy-Miniature-3D-Wooden-Miniaturas-Dollhouse-Toys-for-Children-Birthday-Gifts-Casa-Kitten/32678403089.html?gps-id=5547572&scm=1007.19201.130907.0&scm_id=1007.19201.130907.0&scm-url=1007.19201.130907.0&pvid=13a0dcc9-98a2-4b87-a4de-caaaac2e05b8","Doll House Furniture Diy Miniature 3D Wooden Miniaturas Dollhouse Toys for Children Birthday Gifts Casa Kitten Diary H013","US $10.62","US $10.95"
"32972706957","222966434","//ae01.alicdn.com/kf/HTB12VYIaKT2gK0jSZFvq6xnFXXaE.jpg_350x350.jpg","//www.aliexpress.com/item/Tripod-for-phone-tripod-monopod-selfie-remote-stick-for-smartphone-iphone-tripode-for-mobile-phone-holder/32972706957.html?gps-id=5547572&scm=1007.19201.130907.0&scm_id=1007.19201.130907.0&scm-url=1007.19201.130907.0&pvid=13a0dcc9-98a2-4b87-a4de-caaaac2e05b8","Tripod for phone tripod monopod selfie remote stick for smartphone iphone tripode for mobile phone holder bluetooth tripods","US $1.21","US $2.58"
"33009832877","221498984","//ae01.alicdn.com/kf/HTB1uJOGaYr1gK0jSZR0q6zP8XXa0.jpg_350x350.jpg","//www.aliexpress.com/item/KBAYBO-260ML-Mini-USB-Diffuser-Car-Humidifier-Ultrasonic-Humidifier-Air-Diffuser-with-LED-night-light-Mist/33009832877.html?gps-id=5547572&scm=1007.19201.130907.0&scm_id=1007.19201.130907.0&scm-url=1007.19201.130907.0&pvid=13a0dcc9-98a2-4b87-a4de-caaaac2e05b8","KBAYBO 260ML Mini USB Diffuser Car Humidifier Ultrasonic Humidifier Air Diffuser with LED night light Mist Maker for Home Office","US $6.77","US $16.10"
"33004236313","118782028","//ae01.alicdn.com/kf/HTB1GyqfX7L0gK0jSZFxq6xWHVXa1.jpg_350x350.jpg","//www.aliexpress.com/item/LIGE-2019-Mens-Watches-Top-Brand-Luxury-Waterproof-Fashion-Watch-Quartz-Watch-Men-Sport-Chronograph-reloj/33004236313.html?gps-id=5547572&scm=1007.19201.130907.0&scm_id=1007.19201.130907.0&scm-url=1007.19201.130907.0&pvid=7f68dfcd-5742-4286-a162-c25e142ae8e7","LIGE 2019 Mens Watches Top Brand Luxury Waterproof Fashion Watch Quartz Watch Men Sport Chronograph reloj hombre dropshipping","US $13.59","US $16.79"
"32995892510","231389210","//ae01.alicdn.com/kf/HTB1tlRRXYr1gK0jSZR0q6zP8XXay.jpg_350x350.jpg","//www.aliexpress.com/item/LIGE-Fashion-Mens-Watches-Top-Brand-Luxury-WristWatch-Quartz-Clock-Blue-Watch-Men-Waterproof-Sport-Chronograph/32995892510.html?gps-id=5547572&scm=1007.19201.130907.0&scm_id=1007.19201.130907.0&scm-url=1007.19201.130907.0&pvid=7f68dfcd-5742-4286-a162-c25e142ae8e7","LIGE Fashion Mens Watches Top Brand Luxury WristWatch Quartz Clock Blue Watch Men Waterproof Sport Chronograph Relogio Masculino","US $16.79","US $16.79"
"1982725123","220425203","//ae01.alicdn.com/kf/HTB1wyuxbEuF3KVjSZK9q6zVtXXaU.jpg_350x350.jpg","//www.aliexpress.com/item/2014-Unique-Jewelry-Design-18K-Silver-Plated-Leaf-Charm-AAA-CZ-Crystal-Female-Bracelets-Bangles-For/1982725123.html?gps-id=5547572&scm=1007.19201.130907.0&scm_id=1007.19201.130907.0&scm-url=1007.19201.130907.0&pvid=7f68dfcd-5742-4286-a162-c25e142ae8e7","CWWZircons New Trendy 2019 Cubic Zirconia Jewelry Silver Color Leaf Charm CZ Crystal Female Bracelets Bangles for Women CB060","US $4.48","US $4.48"
"32904634256","232956147","//ae01.alicdn.com/kf/HTB1ct9gaoY1gK0jSZFCq6AwqXXaF.jpg_350x350.jpg","//www.aliexpress.com/item/WEIYU-3-D-10-Or-200-Metre-Color-1-75-mm-ABS-PLA-Material-3D-PLA/32904634256.html?gps-id=5547572&scm=1007.19201.130907.0&scm_id=1007.19201.130907.0&scm-url=1007.19201.130907.0&pvid=7f68dfcd-5742-4286-a162-c25e142ae8e7","WEIYU 3 D 10 Or 200 Metre/Color 1.75 mm ABS/PLA Material 3D PLA Filament For 3D Pen Filament ABS Plastic 3D Pens Supplies Color","US $8.56","US $17.16"
"32877311446","220669906","//ae01.alicdn.com/kf/HTB1KqgSarr1gK0jSZFDq6z9yVXao.jpg_350x350.jpg","//www.aliexpress.com/item/Muscle-Stimulator-Body-Slimming-Shaper-Machine-Abdominal-Muscle-Exerciser-Training-Fat-Burning-Body-Building-Fitness-Massager/32877311446.html?gps-id=5547572&scm=1007.19201.130907.0&scm_id=1007.19201.130907.0&scm-url=1007.19201.130907.0&pvid=7f68dfcd-5742-4286-a162-c25e142ae8e7","Muscle Stimulator Body Slimming Shaper Machine Abdominal Muscle Exerciser Training Fat Burning Body Building Fitness Massager","US $5.26","US $12.36"
"32832622751","231234981","//ae01.alicdn.com/kf/HTB1et2uXoz1gK0jSZLeq6z9kVXaD.jpg_350x350.jpg","//www.aliexpress.com/item/Brazilian-Lace-Front-Human-Hair-Wigs-For-Black-Women-With-Baby-Hair-Lace-Front-Wig-Remy/32832622751.html?gps-id=5547572&scm=1007.19201.130907.0&scm_id=1007.19201.130907.0&scm-url=1007.19201.130907.0&pvid=7f68dfcd-5742-4286-a162-c25e142ae8e7","Brazilian Lace Front Human Hair Wigs For Black Women With Baby Hair Lace Front Wig Remy Hair Pre Plucked Hairline Bleached Knots","US $38.12","US $92.55"
"32978159432","231134979","//ae01.alicdn.com/kf/HTB1L8HtX.H1gK0jSZSyq6xtlpXaS.jpg_350x350.jpg","//www.aliexpress.com/item/1-x-Vibrating-Clip-New-Silicone-G-spot-Stimulate-Vibrators-Dildo-Nipple-Clip-Masturbate-vibrator-Adults/32978159432.html?gps-id=5547572&scm=1007.19201.130907.0&scm_id=1007.19201.130907.0&scm-url=1007.19201.130907.0&pvid=7f68dfcd-5742-4286-a162-c25e142ae8e7","1 x Vibrating Clip New Silicone G spot Stimulate Vibrators Dildo Nipple Clip Masturbate vibrator Adults Sex Toys","US $2.45","US $2.45"
"32999090816","229582315","//ae01.alicdn.com/kf/HTB1ZzGWPrvpK1RjSZFqq6AXUVXat.jpg_350x350.jpg","//www.aliexpress.com/item/BARCUR-Natural-Black-Walnut-Sun-glasses-for-Men-Polarized-Sunglasses-Wood-UV400-Oculos-de-sol-masculino/32999090816.html?gps-id=5547572&scm=1007.19201.130907.0&scm_id=1007.19201.130907.0&scm-url=1007.19201.130907.0&pvid=7f68dfcd-5742-4286-a162-c25e142ae8e7","BARCUR Natural Black Walnut Sun glasses for Men Polarized Sunglasses Wood UV400 Oculos de sol masculino feminino","US $10.80","US $11.99"
"32889699802","227752205","//ae01.alicdn.com/kf/HTB19AfiaKT2gK0jSZFvq6xnFXXap.jpg_350x350.jpg","//www.aliexpress.com/item/Refrigerant-Manifold-Gauge-Set-Air-Conditioning-Tools-with-Hose-and-Hook-for-R12-R22-R404A-R134A/32889699802.html?gps-id=5547572&scm=1007.19201.130907.0&scm_id=1007.19201.130907.0&scm-url=1007.19201.130907.0&pvid=7f68dfcd-5742-4286-a162-c25e142ae8e7","Refrigerant Manifold Gauge Set Air Conditioning Tools with Hose and Hook for R12 R22 R404A R134A Air Condition Refrigeration","US $19.25","US $19.25"
"32506004718","205868346","//ae01.alicdn.com/kf/HTB1NSUOaHr1gK0jSZR0q6zP8XXad.jpg_350x350.jpg","//www.aliexpress.com/item/Newest-450LM-36-LED-Solar-Power-Street-Light-PIR-Motion-Sensor-Light-Garden-Security-Lamp-Outdoor/32506004718.html?gps-id=5547572&scm=1007.19201.130907.0&scm_id=1007.19201.130907.0&scm-url=1007.19201.130907.0&pvid=7f68dfcd-5742-4286-a162-c25e142ae8e7","Newest 450LM 48 LED Solar Power Street Light PIR Motion Sensor Lamps Garden Security Lamp Outdoor Street Waterproof Wall Lights","US $12.00","US $14.75"
"32821133481","228331801","//ae01.alicdn.com/kf/HTB14GlASpXXXXbyaFXXq6xXFXXXd.jpg_350x350.jpg","//www.aliexpress.com/item/MIFA-A10-Bluetooth-speaker-wireless-portable-stereo-sound-big-power-10W-system-MP3-music-audio-AUX/32821133481.html?gps-id=5547572&scm=1007.19201.130907.0&scm_id=1007.19201.130907.0&scm-url=1007.19201.130907.0&pvid=7f68dfcd-5742-4286-a162-c25e142ae8e7","MIFA A10 Bluetooth speaker wireless portable stereo sound big power 10W system MP3 music audio AUX with MIC for android iphone","US $26.52","US $26.52"
"32273981680","202287581","//ae01.alicdn.com/kf/HTB1mzH9cx3IL1JjSZPfq6ArUVXam.jpg_350x350.jpg","//www.aliexpress.com/item/2015-New-Men-Brand-Aviator-Sunglasses-HD-Polarized-Glasses-Men-Brand-Sport-Polarized-Sunglasses-High-quality/32273981680.html?gps-id=5547572&scm=1007.19201.130907.0&scm_id=1007.19201.130907.0&scm-url=1007.19201.130907.0&pvid=7f68dfcd-5742-4286-a162-c25e142ae8e7","MERRYS DESIGN Men Classic Pilot Sunglasses HD Polarized Sunglasses For Driving Aviation Alloy Frame Spring Legs UV400 S8404","US $6.53","US $6.53"
"32879123784","202312208","//ae01.alicdn.com/kf/HTB1AFWaafvsK1RjSspdq6AZepXaq.jpg_350x350.jpg","//www.aliexpress.com/item/Designer-Men-s-Belts-For-Men-Belt-Genuine-Leather-High-Quality-Famous-Brand-Pin-Buckle-Strap/32879123784.html?gps-id=5547572&scm=1007.19201.130907.0&scm_id=1007.19201.130907.0&scm-url=1007.19201.130907.0&pvid=7f68dfcd-5742-4286-a162-c25e142ae8e7","Designer Men's Belts For Men Belt Genuine Leather High Quality Famous Brand Pin Buckle Strap Luxury Male Belts Man Belt Jeans","US $10.81","US $10.81"
"32894654649","206195833","//ae01.alicdn.com/kf/H7a254809cc4f4d23888d654dd4284801b.jpg_350x350.jpg","//www.aliexpress.com/item/BYINTEK-Brand-MOON-M7-200inch-Home-Theater-HD-Video-LED-Projector-for-Iphone-Smart-Android-Mobile/32894654649.html?gps-id=5547572&scm=1007.19201.130907.0&scm_id=1007.19201.130907.0&scm-url=1007.19201.130907.0&pvid=7f68dfcd-5742-4286-a162-c25e142ae8e7","BYINTEK Brand MOON M7 200inch Home Theater HD Video LED Projector for Iphone Smart Android Mobile Phone Full HD 1080P","US $159.37","US $175.49"
"32947725019","234523229","//ae01.alicdn.com/kf/HTB1TBI9abY1gK0jSZTEq6xDQVXae.jpg_350x350.jpg","//www.aliexpress.com/item/ID115-PLUS-Color-Screen-Smart-Bracelet-Sports-Pedometer-Watch-Fitness-Running-Walking-Tracker-Heart-Rate-Pedometer/32947725019.html?gps-id=5547572&scm=1007.19201.130907.0&scm_id=1007.19201.130907.0&scm-url=1007.19201.130907.0&pvid=7f68dfcd-5742-4286-a162-c25e142ae8e7","ID115 PLUS Color Screen Smart Bracelet Sports Pedometer Watch Fitness Running Walking Tracker Heart Rate Pedometer Smart Band","US $6.32","US $8.12"
"33016425558","226036337","//ae01.alicdn.com/kf/HTB1zXNWWb2pK1RjSZFsq6yNlXXaK.jpg_350x350.jpg","//www.aliexpress.com/item/Women-Plus-size-S-5XL-Floral-Print-Beach-Party-Maxi-Dress-Casual-Short-Sleeve-Hollow-Out/33016425558.html?gps-id=5547572&scm=1007.19201.130907.0&scm_id=1007.19201.130907.0&scm-url=1007.19201.130907.0&pvid=7f68dfcd-5742-4286-a162-c25e142ae8e7","Women Plus size S-5XL Floral Print Beach Party Maxi Dress Casual Short Sleeve Hollow Out Dresses Summer Female Big Size Vestidos","US $13.94","US $13.94"
"32670448492","221898554","//ae01.alicdn.com/kf/HTB1eJPFX1L2gK0jSZFmq6A7iXXay.jpg_350x350.jpg","//www.aliexpress.com/item/Brands-Woolen-cork-Hit-color-stitching-Simple-Men-Women-Sports-Hat-Hats-Baseball-Cap-Hip-Hop/32670448492.html?gps-id=5547572&scm=1007.19201.130907.0&scm_id=1007.19201.130907.0&scm-url=1007.19201.130907.0&pvid=7f68dfcd-5742-4286-a162-c25e142ae8e7","Brands NUZADA Autumn Cork Fashion Simple Men Women Hat Hats Baseball Cap Snapback Simple Classic Caps Winter","US $4.04","US $4.04"
"32914870913","112540676","//ae01.alicdn.com/kf/HTB1A1AjbizxK1Rjy1zkq6yHrVXaz.jpg_350x350.jpg","//www.aliexpress.com/item/KADS-Nail-Templates-Fashion-029-Splash-ink-Painting-Design-Image-Template-Nail-Stamp-Templates-Plate-Stamping/32914870913.html?gps-id=5547572&scm=1007.19201.130907.0&scm_id=1007.19201.130907.0&scm-url=1007.19201.130907.0&pvid=7f68dfcd-5742-4286-a162-c25e142ae8e7","KADS Nail Templates Fashion 029 Splash-ink Painting Design Image Template Nail Stamp Templates Plate Stamping Nail Art Stencils","US $1.95","US $1.95"
"32966946835","230616197","//ae01.alicdn.com/kf/HTB1Hk.LaxD1gK0jSZFyq6AiOVXaN.jpg_350x350.jpg","//www.aliexpress.com/item/FengDong-cute-school-bags-for-teenage-girls-korean-style-school-backpack-for-girls-fur-ball-decoration/32966946835.html?gps-id=5547572&scm=1007.19201.130907.0&scm_id=1007.19201.130907.0&scm-url=1007.19201.130907.0&pvid=7f68dfcd-5742-4286-a162-c25e142ae8e7","FengDong cute school bags for teenage girls korean style school backpack for girls fur ball decoration children bag girl gift","US $19.98","US $19.98"
"32927679570","228331801","//ae01.alicdn.com/kf/HTB1CjSNihTpK1RjSZFGq6AHqFXaE.jpg_350x350.jpg","//www.aliexpress.com/item/Mifa-X1-Wireless-Bluetooth-Earbuds-True-Bluetooth-5-0-Earphone-Twins-Stereo-In-Ear-TWS-With/